-- phpMyAdmin SQL Dump
-- version 5.2.1
-- https://www.phpmyadmin.net/
--
-- Host: 127.0.0.1
-- Waktu pembuatan: 25 Jun 2024 pada 06.14
-- Versi server: 10.4.28-MariaDB
-- Versi PHP: 8.2.4

SET SQL_MODE = "NO_AUTO_VALUE_ON_ZERO";
START TRANSACTION;
SET time_zone = "+00:00";


/*!40101 SET @OLD_CHARACTER_SET_CLIENT=@@CHARACTER_SET_CLIENT */;
/*!40101 SET @OLD_CHARACTER_SET_RESULTS=@@CHARACTER_SET_RESULTS */;
/*!40101 SET @OLD_COLLATION_CONNECTION=@@COLLATION_CONNECTION */;
/*!40101 SET NAMES utf8mb4 */;

--
-- Database: `keretaapi`
--

-- --------------------------------------------------------

--
-- Struktur dari tabel `jadwal_kereta`
--

CREATE TABLE `jadwal_kereta` (
  `id_jadwal` int(11) NOT NULL,
  `id_kereta` int(11) DEFAULT NULL,
  `id_stasiun_asal` varchar(10) DEFAULT NULL,
  `id_stasiun_tujuan` varchar(10) DEFAULT NULL,
  `waktu_keberangkatan` time DEFAULT NULL,
  `waktu_sampai` time DEFAULT NULL
) ENGINE=InnoDB DEFAULT CHARSET=utf8mb4 COLLATE=utf8mb4_general_ci;

--
-- Dumping data untuk tabel `jadwal_kereta`
--

INSERT INTO `jadwal_kereta` (`id_jadwal`, `id_kereta`, `id_stasiun_asal`, `id_stasiun_tujuan`, `waktu_keberangkatan`, `waktu_sampai`) VALUES
(1, 1, 'GMR', 'JNG', '09:30:00', '09:44:00'),
(2, 1, 'JNG', 'CN', '09:44:00', '12:09:00'),
(3, 1, 'CN', 'TG', '12:15:00', '13:09:00'),
(4, 1, 'TG', 'PK', '13:09:00', '13:49:00'),
(5, 1, 'PK', 'SMT', '13:52:00', '14:59:00'),
(6, 1, 'SMT', 'CU', '15:09:00', '16:51:00'),
(7, 1, 'CU', 'BJ', '16:51:00', '17:19:00'),
(8, 1, 'BJ', 'LMG', '17:19:00', '17:59:00'),
(9, 1, 'LMG', 'SBI', '17:59:00', '18:30:00'),
(10, 11, 'SBI', 'LMG', '08:00:00', '08:31:00'),
(11, 11, 'LMG', 'BJ', '08:31:00', '09:15:00'),
(12, 11, 'BJ', 'CU', '09:15:00', '09:40:00'),
(13, 11, 'CU', 'SMT', '09:40:00', '11:20:00'),
(14, 11, 'SMT', 'PK', '11:30:00', '12:37:00'),
(15, 11, 'PK', 'TG', '12:40:00', '13:23:00'),
(16, 11, 'TG', 'CN', '13:23:00', '14:17:00'),
(17, 11, 'CN', 'JNG', '14:23:00', '16:45:00'),
(18, 11, 'JNG', 'GMR', '16:47:00', '17:00:00'),
(33, 2, 'GMR', 'JNG', '08:30:00', '08:45:00'),
(34, 2, 'JNG', 'CN', '08:45:00', '11:29:00'),
(35, 2, 'CN', 'PWT', '11:40:00', '13:37:00'),
(36, 2, 'PWT', 'KYA', '13:50:00', '14:17:00'),
(37, 2, 'KYA', 'KM', '14:17:00', '15:00:00'),
(38, 2, 'KM', 'KTA', '15:00:00', '15:28:00'),
(39, 2, 'KTA', 'YK', '15:28:00', '16:25:00'),
(40, 12, 'YK', 'KTA', '08:00:00', '08:52:00'),
(41, 12, 'KTA', 'KM', '08:56:00', '09:21:00'),
(42, 12, 'KM', 'KYA', '09:23:00', '10:03:00'),
(43, 12, 'KYA', 'PWT', '10:06:00', '10:33:00'),
(44, 12, 'PWT', 'CN', '10:43:00', '12:38:00'),
(45, 12, 'CN', 'JNG', '12:46:00', '15:23:00'),
(46, 12, 'JNG', 'GMR', '15:26:00', '15:42:00'),
(92, 13, 'SGU', 'JG', '07:00:00', '07:36:00'),
(93, 13, 'JG', 'MN', '07:57:00', '09:04:00'),
(94, 13, 'MN', 'SLO', '09:04:00', '10:30:00'),
(95, 13, 'SLO', 'YK', '10:30:00', '12:05:00'),
(96, 13, 'YK', 'KTA', '12:05:00', '12:25:00'),
(97, 13, 'KTA', 'KYA', '12:25:00', '13:30:00'),
(98, 13, 'KYA', 'BJR', '13:53:00', '15:09:00'),
(99, 13, 'BJR', 'CI', '15:20:00', '16:01:00'),
(100, 13, 'CI', 'TSM', '16:01:00', '17:07:00'),
(101, 13, 'TSM', 'CPD', '17:07:00', '18:59:00'),
(102, 13, 'CPD', 'KAC', '18:59:00', '19:06:00'),
(103, 13, 'KAC', 'BD', '19:06:00', '19:50:00'),
(139, 3, 'BD', 'CPD', '08:30:00', '10:24:00'),
(140, 3, 'CPD', 'TSM', '10:24:00', '11:15:00'),
(141, 3, 'TSM', 'BJR', '11:15:00', '12:02:00'),
(142, 3, 'BJR', 'KYA', '12:02:00', '14:14:00'),
(143, 3, 'KYA', 'KTA', '14:14:00', '14:30:00'),
(144, 3, 'KTA', 'YK', '14:30:00', '15:28:00'),
(145, 3, 'YK', 'SLO', '15:28:00', '16:46:00'),
(146, 3, 'SLO', 'MN', '16:46:00', '18:05:00'),
(147, 3, 'MN', 'JG', '18:05:00', '19:24:00'),
(148, 3, 'JG', 'SGU', '19:24:00', '20:19:00'),
(149, 17, 'SLO', 'KT', '20:00:00', '20:25:00'),
(150, 17, 'KT', 'YK', '20:27:00', '20:52:00'),
(151, 17, 'YK', 'KTA', '20:57:00', '21:49:00'),
(152, 17, 'KTA', 'KYA', '21:55:00', '23:00:00'),
(153, 17, 'KYA', 'PWT', '23:00:00', '23:28:00'),
(154, 17, 'PWT', 'CN', '23:40:00', '01:35:00'),
(155, 17, 'CN', 'JNG', '01:44:00', '04:19:00'),
(156, 17, 'JNG', 'GMR', '04:21:00', '04:37:00'),
(157, 7, 'GMR', 'JNG', '08:00:00', '08:14:00'),
(158, 7, 'JNG', 'CN', '08:14:00', '10:50:00'),
(159, 7, 'CN', 'PWT', '10:58:00', '12:56:00'),
(160, 7, 'PWT', 'KTA', '13:12:00', '14:43:00'),
(161, 7, 'KTA', 'YK', '14:47:00', '15:39:00'),
(162, 7, 'YK', 'KT', '15:41:00', '16:06:00'),
(163, 7, 'KT', 'SLO', '16:10:00', '16:35:00'),
(208, 31, 'PSE', 'JTB', '11:30:00', '13:53:00'),
(209, 31, 'JTB', 'CNP', '13:55:00', '14:31:00'),
(210, 31, 'CNP', 'PWT', '14:46:00', '16:44:00'),
(211, 31, 'PWT', 'GB', '16:55:00', '17:49:00'),
(212, 31, 'GB', 'KM', '17:51:00', '18:09:00'),
(213, 31, 'KM', 'KTA', '18:17:00', '18:43:00'),
(214, 31, 'KTA', 'WT', '18:49:00', '19:18:00'),
(215, 31, 'WT', 'LPN', '19:20:00', '19:50:00'),
(216, 31, 'LPN', 'KT', '19:55:00', '20:18:00'),
(217, 31, 'KT', 'PWS', '20:20:00', '20:45:00'),
(293, 5, 'GMR', 'CN', '17:40:00', '20:32:00'),
(294, 5, 'CN', 'PWT', '20:39:00', '22:34:00'),
(295, 5, 'PWT', 'KTA', '22:39:00', '00:45:00'),
(296, 5, 'KTA', 'YK', '00:55:00', '01:47:00'),
(297, 5, 'YK', 'SLO', '02:00:00', '02:47:00'),
(298, 5, 'SLO', 'MN', '02:55:00', '04:12:00'),
(299, 5, 'MN', 'NJ', '04:30:00', '05:11:00'),
(300, 5, 'NJ', 'KTS', '05:14:00', '05:34:00'),
(301, 5, 'KTS', 'KD', '05:38:00', '06:16:00'),
(302, 5, 'KD', 'TA', '06:21:00', '06:47:00'),
(303, 5, 'TA', 'BL', '06:51:00', '07:20:00'),
(304, 5, 'BL', 'WLG', '07:25:00', '07:46:00'),
(305, 5, 'WLG', 'KPN', '07:49:00', '08:34:00'),
(326, 5, 'KPN', 'MLK', '08:37:00', '08:58:00'),
(327, 5, 'MLK', 'ML', '09:01:00', '09:06:00'),
(328, 15, 'ML', 'MLK', '13:30:00', '13:35:00'),
(329, 15, 'MLK', 'KPN', '13:37:00', '13:58:00'),
(330, 15, 'KPN', 'WLG', '14:01:00', '14:48:00'),
(331, 15, 'WLG', 'BL', '14:51:00', '15:10:00'),
(332, 15, 'BL', 'TA', '15:14:00', '15:43:00'),
(333, 15, 'TA', 'KD', '15:46:00', '16:12:00'),
(334, 15, 'KD', 'KTS', '16:15:00', '16:51:00'),
(335, 15, 'KTS', 'NJ', '16:54:00', '17:14:00'),
(336, 15, 'NJ', 'MN', '17:16:00', '17:57:00'),
(337, 15, 'MN', 'SLO', '18:12:00', '19:29:00'),
(338, 15, 'SLO', 'YK', '19:35:00', '20:22:00'),
(339, 15, 'YK', 'KTA', '20:30:00', '21:22:00'),
(340, 15, 'KTA', 'PWT', '21:26:00', '23:12:00'),
(341, 15, 'PWT', 'CN', '23:24:00', '01:22:00'),
(342, 15, 'CN', 'JNG', '01:31:00', '04:09:00'),
(343, 15, 'JNG', 'GMR', '04:11:00', '04:27:00'),
(348, 9, 'GMR', 'CN', '05:30:00', '08:30:00'),
(349, 9, 'CN', 'TG', '08:40:00', '09:50:00'),
(350, 9, 'TG', 'PK', '09:55:00', '10:45:00'),
(351, 9, 'PK', 'SMT', '10:50:00', '12:35:00'),
(352, 19, 'SMT', 'PK', '16:00:00', '17:35:00'),
(353, 19, 'PK', 'TG', '17:40:00', '18:30:00'),
(354, 19, 'TG', 'CN', '18:35:00', '19:45:00'),
(355, 19, 'CN', 'GMR', '19:55:00', '22:55:00'),
(356, 10, 'GMR', 'CN', '07:00:00', '10:00:00'),
(357, 10, 'CN', 'TG', '10:10:00', '11:20:00'),
(358, 10, 'TG', 'PK', '11:25:00', '12:15:00'),
(359, 10, 'PK', 'SMT', '12:20:00', '14:05:00'),
(360, 20, 'SMT', 'PK', '14:00:00', '15:45:00'),
(361, 20, 'PK', 'TG', '15:50:00', '16:40:00'),
(362, 20, 'TG', 'CN', '16:45:00', '17:55:00'),
(363, 20, 'CN', 'GMR', '18:05:00', '21:05:00'),
(364, 6, 'GMR', 'CN', '08:00:00', '10:46:00'),
(365, 6, 'CN', 'PWT', '10:52:00', '12:48:00'),
(366, 6, 'PWT', 'KTA', '12:55:00', '14:22:00'),
(367, 6, 'KTA', 'YK', '14:25:00', '15:13:00'),
(368, 6, 'YK', 'SLO', '15:20:00', '16:25:00'),
(369, 16, 'SLO', 'YK', '20:15:00', '21:14:00'),
(370, 16, 'YK', 'KTA', '21:22:00', '22:09:00'),
(371, 16, 'KTA', 'PWT', '22:12:00', '23:41:00'),
(372, 16, 'PWT', 'CN', '23:48:00', '01:44:00'),
(373, 16, 'CN', 'GMR', '01:50:00', '04:15:00'),
(374, 18, 'BD', 'CMI', '05:05:00', '05:15:00'),
(375, 18, 'CMI', 'JNG', '05:18:00', '07:49:00'),
(376, 18, 'JNG', 'GMR', '07:51:00', '08:01:00'),
(377, 8, 'JAKK', 'GMR', '04:50:00', '05:00:00'),
(378, 8, 'GMR', 'BKS', '05:15:00', '05:39:00'),
(379, 8, 'BKS', 'PWK', '05:41:00', '06:41:00'),
(380, 8, 'PWK', 'CMI', '06:43:00', '08:20:00'),
(381, 8, 'CMI', 'BD', '08:22:00', '08:32:00'),
(382, 14, 'SGU', 'MR', '19:20:00', '19:53:00'),
(383, 14, 'MR', 'JG', '19:55:00', '20:11:00'),
(384, 14, 'JG', 'KTS', '20:13:00', '20:25:00'),
(385, 14, 'KTS', 'NJ', '20:27:00', '20:43:00'),
(386, 14, 'NJ', 'MN', '20:45:00', '21:26:00'),
(387, 14, 'MN', 'SLO', '21:21:00', '22:24:00'),
(388, 14, 'SLO', 'YK', '22:27:00', '23:07:00'),
(389, 14, 'YK', 'KTA', '23:13:00', '23:58:00'),
(390, 14, 'KTA', 'KM', '00:06:00', '00:28:00'),
(391, 14, 'KM', 'KYA', '00:31:00', '01:06:00'),
(392, 14, 'KYA', 'PWT', '01:08:00', '01:31:00'),
(393, 14, 'PWT', 'CN', '01:37:00', '03:21:00'),
(394, 14, 'CN', 'JNG', '03:26:00', '05:44:00'),
(395, 14, 'JNG', 'GMR', '05:46:00', '06:00:00'),
(396, 4, 'GMR', 'CN', '17:00:00', '19:25:00'),
(397, 4, 'CN', 'PWT', '19:30:00', '21:16:00'),
(398, 4, 'PWT', 'KYA', '21:21:00', '21:44:00'),
(399, 4, 'KYA', 'KM', '21:46:00', '22:18:00'),
(400, 4, 'KM', 'KTA', '22:20:00', '22:40:00'),
(401, 4, 'KTA', 'YK', '22:45:00', '23:28:00'),
(402, 4, 'YK', 'SLO', '23:33:00', '00:13:00'),
(403, 4, 'SLO', 'MN', '00:16:00', '01:18:00'),
(404, 4, 'MN', 'NJ', '01:23:00', '01:55:00'),
(405, 4, 'NJ', 'KTS', '01:57:00', '02:14:00'),
(406, 4, 'KTS', 'JG', '02:16:00', '02:29:00'),
(407, 4, 'JG', 'MR', '02:31:00', '02:49:00'),
(408, 4, 'MR', 'SGU', '02:51:00', '03:30:00'),
(409, 32, 'PWS', 'KT', '20:15:00', NULL),
(410, 32, 'KT', 'LPN', '20:40:00', '20:38:00'),
(411, 32, 'LPN', 'WT', '21:23:00', '21:04:00'),
(412, 32, 'WT', 'KTA', '21:56:00', '21:54:00'),
(413, 32, 'KTA', 'KM', '22:29:00', '22:24:00'),
(414, 32, 'KM', 'GB', '22:55:00', '22:53:00'),
(415, 32, 'GB', 'KYA', '23:24:00', '23:12:00'),
(416, 32, 'KYA', 'PWT', '23:43:00', '23:40:00'),
(417, 32, 'PWT', 'CNP', '00:14:00', '00:09:00'),
(418, 32, 'CNP', 'PGB', '02:25:00', '02:17:00'),
(419, 32, 'PGB', 'CKR', '03:56:00', '03:47:00'),
(420, 32, 'CKR', 'BKS', '05:04:00', '05:02:00'),
(421, 32, 'BKS', 'JNG', '05:22:00', '05:20:00'),
(422, 32, 'JNG', 'PSE', '05:40:00', '05:38:00');

-- --------------------------------------------------------

--
-- Struktur dari tabel `kereta_api`
--

CREATE TABLE `kereta_api` (
  `id_kereta` int(11) NOT NULL,
  `nama_kereta` varchar(100) DEFAULT NULL,
  `rute` varchar(255) DEFAULT NULL,
  `biaya` int(11) DEFAULT NULL,
  `total_kursi` int(11) DEFAULT NULL
) ENGINE=InnoDB DEFAULT CHARSET=utf8mb4 COLLATE=utf8mb4_general_ci;

--
-- Dumping data untuk tabel `kereta_api`
--

INSERT INTO `kereta_api` (`id_kereta`, `nama_kereta`, `rute`, `biaya`, `total_kursi`) VALUES
(1, 'Argo Bromo Anggrek', 'Gambir - Surabaya Pasarturi', 450000, 400),
(2, 'Taksaka', 'Gambir - Yogyakarta', 300000, 350),
(3, 'Argo Wilis', 'Bandung - Surabaya Gubeng', 500000, 300),
(4, 'Bima', 'Gambir - Surabaya Gubeng', 450000, 400),
(5, 'Gajayana', 'Gambir - Malang', 550000, 350),
(6, 'Argo Lawu', 'Gambir - Solo Balapan', 350000, 350),
(7, 'Argo Dwipangga', 'Gambir - Solo Balapan', 350000, 350),
(8, 'Argo Parahyangan', 'Gambir - Bandung', 150000, 350),
(9, 'Argo Sindoro', 'Gambir - Semarang Tawang', 400000, 350),
(10, 'Argo Muria', 'Gambir - Semarang Tawang', 400000, 350),
(11, 'Argo Bromo Anggrek', 'Surabaya Pasarturi - Gambir', 450000, 400),
(12, 'Taksaka', 'Yogyakarta - Gambir', 300000, 350),
(13, 'Argo Wilis', 'Surabaya Gubeng - Bandung', 500000, 300),
(14, 'Bima', 'Surabaya Gubeng - Gambir', 450000, 400),
(15, 'Gajayana', 'Malang - Gambir', 550000, 350),
(16, 'Argo Lawu', 'Solo Balapan - Gambir', 350000, 350),
(17, 'Argo Dwipangga', 'Solo Balapan - Gambir', 350000, 350),
(18, 'Argo Parahyangan', 'Bandung - Gambir', 150000, 350),
(19, 'Argo Sindoro', 'Semarang Tawang - Gambir', 400000, 350),
(20, 'Argo Muria', 'Semarang Tawang - Gambir', 400000, 350),
(31, 'Bengawan', 'Pasar Senen - Purwosari', 74000, 400),
(32, 'Bengawan', 'Purwosari - Pasar Senen', 74000, 400);

-- --------------------------------------------------------

--
-- Struktur dari tabel `pembelian`
--

CREATE TABLE `pembelian` (
  `id_pembelian` int(11) NOT NULL,
  `id_keretafk` int(11) DEFAULT NULL,
  `id_penumpangfk` int(11) DEFAULT NULL,
  `asal` varchar(100) DEFAULT NULL,
  `tujuan` varchar(100) DEFAULT NULL,
  `waktu_keberangkatan` time DEFAULT NULL,
  `waktu_tiba` time DEFAULT NULL,
  `tanggal_keberangkatan` date DEFAULT NULL,
  `tanggal_tiba` date DEFAULT NULL,
  `nomor_gerbong` int(11) DEFAULT NULL,
  `nomor_kursi` int(11) DEFAULT NULL,
  `biaya` int(11) DEFAULT NULL
) ENGINE=InnoDB DEFAULT CHARSET=utf8mb4 COLLATE=utf8mb4_general_ci;

--
-- Dumping data untuk tabel `pembelian`
--

INSERT INTO `pembelian` (`id_pembelian`, `id_keretafk`, `id_penumpangfk`, `asal`, `tujuan`, `waktu_keberangkatan`, `waktu_tiba`, `tanggal_keberangkatan`, `tanggal_tiba`, `nomor_gerbong`, `nomor_kursi`, `biaya`) VALUES
(2, 2, 2, 'Gambir', 'Yogyakarta', '09:00:00', '15:00:00', '2023-07-02', '2023-07-02', 2, 25, NULL),
(19, 32, 1, 'Klaten', 'Pasar Senen', '14:56:00', '23:58:00', '2024-06-23', '2024-06-23', 0, 0, 74000),
(20, 32, 1, 'Klaten', 'Pasar Senen', '14:56:00', '23:58:00', '2024-06-23', '2024-06-23', 0, 0, 74000),
(21, 32, 1, 'Klaten', 'Pasar Senen', '14:56:00', '23:58:00', '2024-06-23', '2024-06-23', 0, 0, 74000),
(22, 12, 1, 'Yogyakarta', 'Gambir', '08:00:00', '15:42:00', '2024-06-23', '2024-06-23', 0, 0, 300000),
(24, 32, 1, 'Klaten', 'Pasar Senen', '14:56:00', '23:58:00', '2024-06-24', '2024-06-24', 7, 10, 74000),
(26, 12, 1, 'Yogyakarta', 'Gambir', '08:00:00', '15:42:00', '2024-06-24', '2024-06-24', 1, 1, 300000),
(27, 32, 1, 'Klaten', 'Jatinegara', '14:56:00', '23:47:00', '2024-06-24', '2024-06-24', 1, 1, 74000),
(28, 12, 1, 'Yogyakarta', 'Jatinegara', '08:00:00', '15:23:00', '2024-06-24', '2024-06-24', 5, 6, 300000),
(29, 32, 1, 'Klaten', 'Jatinegara', '14:56:00', '23:47:00', '2024-06-27', '2024-06-27', 8, 3, 74000),
(30, 11, 1, 'SURABAYA PASAR TURI', 'GAMBIR', '08:00:00', '17:00:00', '2024-06-25', '2024-06-25', 1, 2, 450000),
(31, 32, 1, 'KLATEN', 'JATINEGARA', '14:56:00', '23:47:00', '2024-06-24', '2024-06-24', 0, 0, NULL),
(32, 12, 1, 'TUGU', 'GAMBIR', '08:00:00', '15:42:00', '2024-06-24', '2024-06-24', 0, 0, NULL),
(33, 32, 1, 'KLATEN', 'JATINEGARA', '14:56:00', '23:47:00', '2024-06-24', '2024-06-24', 0, 0, NULL),
(34, 32, 1, 'KLATEN', 'JATINEGARA', '14:56:00', '23:47:00', '2024-06-24', '2024-06-24', 0, 0, NULL),
(38, 32, 2, 'KLATEN', 'JATINEGARA', '14:56:00', '23:47:00', '2024-06-25', '2024-06-25', 0, 0, NULL),
(39, 18, 2, 'BANDUNG', 'GAMBIR', '05:05:00', '08:01:00', '2024-06-25', '2024-06-25', 1, 1, 150000),
(40, 18, 2, 'BANDUNG', 'GAMBIR', '05:05:00', '08:01:00', '2024-06-25', '2024-06-25', 1, 2, 150000);

-- --------------------------------------------------------

--
-- Struktur dari tabel `penumpang`
--

CREATE TABLE `penumpang` (
  `id_penumpang` int(11) NOT NULL,
  `nama_penumpang` varchar(100) DEFAULT NULL,
  `username` varchar(50) DEFAULT NULL,
  `email` varchar(100) DEFAULT NULL,
  `no_telpon` varchar(15) DEFAULT NULL,
  `gender` enum('Laki-laki','Perempuan') DEFAULT NULL,
  `tanggal_lahir` date DEFAULT NULL,
  `password` varchar(255) DEFAULT NULL,
  `foto_profil` varchar(255) DEFAULT NULL
) ENGINE=InnoDB DEFAULT CHARSET=utf8mb4 COLLATE=utf8mb4_general_ci;

--
-- Dumping data untuk tabel `penumpang`
--

INSERT INTO `penumpang` (`id_penumpang`, `nama_penumpang`, `username`, `email`, `no_telpon`, `gender`, `tanggal_lahir`, `password`, `foto_profil`) VALUES
(1, 'Ahmad Sukma', 'ahmad', 'ahmad.sukma@mail.com', '081234567890', 'Laki-laki', '1990-05-14', '123', 'default.jpg'),
(2, 'Dewi Lestari', 'dewi', 'dewi.lestari@mail.com', '081234567891', 'Perempuan', '1992-08-29', '321', '66795dcc0ba45.jpg');

-- --------------------------------------------------------

--
-- Struktur dari tabel `stasiun`
--

CREATE TABLE `stasiun` (
  `id_stasiun` varchar(10) NOT NULL,
  `nama_stasiun` varchar(255) DEFAULT NULL,
  `alamat_stasiun` text DEFAULT NULL
) ENGINE=InnoDB DEFAULT CHARSET=utf8mb4 COLLATE=utf8mb4_general_ci;

--
-- Dumping data untuk tabel `stasiun`
--

INSERT INTO `stasiun` (`id_stasiun`, `nama_stasiun`, `alamat_stasiun`) VALUES
('ABR', 'AMBARAWA', 'KAB. SEMARANG'),
('AC', 'ANCOL', 'KOTA ADM. JAKARTA UTARA'),
('AGO', 'ARGOPURO', 'KAB. BANYUWANGI'),
('AIS/ASM', 'AIR ASAM', 'KAB. MUARA ENIM'),
('AJ', 'ARJASA', 'KAB. JEMBER'),
('AK', 'ANGKE', 'KOTA ADM. JAKARTA BARAT'),
('AKB', 'AEK LOBA', 'KAB. ASAHAN'),
('AND', 'Andir', 'KOTA BANDUNG'),
('ARB', 'ARAS KABU', 'KAB. DELI SERDANG'),
('ATA', 'ALASTUA', 'KOTA SEMARANG'),
('ATR', 'AIR TAWAR', 'KOTA PADANG'),
('AW', 'Awipari', 'KOTA TASIKMALAYA'),
('AWN', 'ARJAWINANGUN', 'KAB. CIREBON'),
('BAT', 'BARAT', 'KAB. MAGETAN'),
('BB', 'BREBES', 'KAB. BREBES'),
('BBA', 'BLAMBANGAN PAGAR', 'KAB. LAMPUNG UTARA'),
('BBD', 'BABADAN', 'KOTA MADIUN'),
('BBG', 'BRUMBUNG', 'KAB. DEMAK'),
('BBK', 'BABAKAN', 'KAB. CIREBON'),
('BBN', 'BRAMBANAN', 'KAB. KLATEN'),
('BBT', 'BABAT', 'KAB. LAMONGAN'),
('BBU', 'BLAMBANGAN UMPU', 'KAB. WAY KANAN'),
('BD', 'BANDUNG', 'KOTA BANDUNG'),
('BDT', 'BANDAR TINGGI', 'KAB. SIMALUNGUN'),
('BDW', 'Bangoduwa', 'KAB. CIREBON'),
('BET', 'BENTENG', 'KOTA SURABAYA'),
('BG', 'BANGIL', 'KOTA PASURUAN'),
('BGM', 'BUNGAMAS', 'KAB. LAHAT'),
('BGR', 'BAGOR', 'KOTA MADIUN'),
('BH', 'BOHARAN', 'KAB. SIDOARJO'),
('BIB', 'BELIMBING/BELIMBING PENDOPO', 'KAB. MUARA ENIM'),
('BIJ', 'BINJAI', 'KOTA BINJAI'),
('BIK', 'Belimbing Air Kaka', 'KAB. OGAN KOMERING ULU'),
('BJ', 'BOJONEGORO', 'KAB. BOJONEGORO'),
('BJD', 'Bojong Gede', 'KAB. BOGOR'),
('BJG', 'Bojong', 'KAB. CIAMIS'),
('BJI', 'BANJARSARI', 'KAB. LAHAT'),
('BJL', 'BAJALINGGEI', 'KAB. SERDANG BEDAGAI'),
('BJR', 'BANJAR', 'KOTA BANJAR'),
('BKI', 'BEKRI', 'KAB. LAMPUNG TENGAH'),
('BKP', 'BUKITPUTUS', 'KOTA PADANG'),
('BKS', 'BEKASI', 'KOTA BEKASI'),
('BL', 'BLITAR', 'KOTA BLITAR'),
('BLI', 'BAHLIAS', 'KAB. SIMALUNGUN'),
('BLT', 'Belatung', 'KAB. OGAN KOMERING ULU'),
('BLW', 'Belawan', 'KOTA MEDAN'),
('BMA', 'BUMIAYU', 'KAB. BREBES'),
('BMB', 'BAMBAN', 'KAB. SERDANG BEDAGAI'),
('BMG', 'BLIMBING', 'KOTA MALANG'),
('BMW', 'Bumi Waluya', 'KAB. GARUT'),
('BNW', 'BENOWO', 'KOTA SURABAYA'),
('BOI', 'Bojong Indah', 'KOTA JAKARTA BARAT'),
('BOO', 'BOGOR', 'KOTA BOGOR'),
('BOP', 'BOGOR PALEDANG', 'KOTA BOGOR'),
('BPR', 'Batuceper', 'KOTA TANGERANG'),
('BRN', 'BARON', 'KAB. NGANJUK'),
('BSS', 'BANGSALSARI', 'KAB. JEMBER'),
('BTA', 'BATURAJA', 'KAB. OGAN KOMERING ULU'),
('BTG', 'BATANG', 'KAB. BATANG'),
('BTH', 'Butuh', 'KAB. PURWOREJO'),
('BTK', 'BATANG KUIS', 'KAB. DELI SERDANG'),
('BTT', 'BATU TULIS', 'KOTA BOGOR'),
('BUA', 'BUARAN', 'KOTA ADM. JAKARTA TIMUR'),
('BW (KTG)', 'BANYUWANGI BARU (KETAPANG)', 'KAB. BANYUWANGI'),
('BWI', 'BANYUWANGI KOTA', 'KAB. BANYUWANGI'),
('BWO', 'BOWERNO', 'KAB. BOJONEGORO'),
('BYM', 'BAYEMAN', 'KAB. PROBOLINGGO'),
('CA', 'CIGANEA', 'KAB. PURWAKARTA'),
('CAA', 'Cirahayu', 'KAB. TASIKMALAYA'),
('CAW', 'CIAWI', 'KAB. TASIKMALAYA'),
('CB', 'CIBATU', 'KAB. GARUT'),
('CBB', 'CIBEBER', 'KAB. CIANJUR'),
('CBD', 'CIBADAK', 'KAB. SUKABUMI'),
('CBN/CBG', 'CIBINONG', 'KAB. BOGOR'),
('CBR', 'CIBUNGUR', 'KAB. PURWAKARTA'),
('CBT/CIT', 'Cibitung', 'KAB. BEKASI'),
('CCL', 'CICALENGKA', 'KAB. BANDUNG'),
('CCR', 'CICURUG', 'KAB. SUKABUMI'),
('CCY/CC', 'Cicayur', 'KAB. TANGERANG'),
('CD', 'CIKADONGDONG', 'KAB. BANDUNG BARAT'),
('CE', 'Ceper', 'KAB. KLATEN'),
('CEP', 'CEMPAKA', 'KAB. LAMPUNG UTARA'),
('CGB', 'CIGOMBONG', 'KAB. BOGOR'),
('CGD', 'CIGADING', 'KOTA CILEGON'),
('CI', 'CIAMIS', 'KAB. CIAMIS'),
('CIR', 'CIROYOM', 'KOTA BANDUNG'),
('CJ', 'CIANJUR', 'KAB. CIANJUR'),
('CJT', 'CILEJIT', 'KAB. BOGOR'),
('CKI', 'CIKINI', 'KOTA ADM. JAKARTA PUSAT'),
('CKL', 'CIKEUSAL', 'KAB. SERANG'),
('CKM', 'Cikaum', 'KAB. SUBANG'),
('CKP', 'CIKAMPEK', 'KAB. KARAWANG'),
('CKR', 'CIKARANG', 'KAB. BEKASI'),
('CKY', 'Cikoya', 'KAB. TANGERANG'),
('CLD', 'CILEDUG', 'KAB. CIREBON'),
('CLE', 'CILAME', 'KAB. BANDUNG BARAT'),
('CLG', 'CILEGON', 'KOTA CILEGON'),
('CLH', 'Cilegeh', 'KAB. INDRAMAYU'),
('CLT', 'Cilebut', 'KAB. BOGOR'),
('CMD', 'CIMINDI', 'KOTA BANDUNG'),
('CME', 'CERME', 'KAB. GRESIK'),
('CMI', 'CIMAHI', 'KOTA CIMAHI'),
('CMK', 'CIMEKAR', 'KOTA BANDUNG'),
('CMS', 'CANDIMAS', 'KAB. LAMPUNG UTARA'),
('CN', 'CIREBON', 'KOTA CIREBON'),
('CNK', 'Cangkring', 'KAB. CIREBON'),
('CNP', 'CIREBON PRUJAKAN', 'KOTA CIREBON'),
('CO', 'Comal', 'KAB. PEMALANG'),
('CP', 'CILACAP', 'KAB. CILACAP'),
('CPD', 'CIPEUNDEUY', 'KAB. GARUT'),
('CPI', 'Cipari', 'KAB. CILACAP'),
('CPT', 'CIPATAT', 'KAB. BANDUNG BARAT'),
('CPY', 'CIPEUYEUM', 'KAB. CIANJUR'),
('CRA', 'Cipunegara', 'KAB. SUBANG'),
('CRB', 'CARUBAN', 'KOTA MADIUN'),
('CRG', 'CIREUNGAS', 'KAB. SUKABUMI'),
('CRH/CRG', 'Cireungas', 'KAB. SUKABUMI'),
('CRJ', 'CIRANJANG', 'KAB. CIANJUR'),
('CRM', 'CURAHMALANG', 'KAB. JOMBANG'),
('CS', 'Ciomas', 'KOTA BOGOR'),
('CSA', 'CISAAT', 'KAB. SUKABUMI'),
('CSK', 'Cisauk', 'KAB. TANGERANG'),
('CT', 'CATANG', 'KAB. SERANG'),
('CTA', 'Citayam', 'KOTA DEPOK'),
('CTH', 'CIKUDAPATEUH', 'KOTA BANDUNG'),
('CTR', 'Citeras', 'KAB. LEBAK'),
('CU', 'CEPU', 'KAB. BLORA'),
('CUK', 'CAKUNG', 'KOTA ADM. JAKARTA TIMUR'),
('CWG/CW', 'Cawang', 'KOTA JAKARTA SELATAN'),
('DAR', 'Daru', 'KAB. TANGERANG'),
('DD', 'DUDUK', 'KAB. GRESIK'),
('DL', 'Delanggu', 'KAB. KLATEN'),
('DMR', 'DOLOK MERANGIR', 'KAB. SIMALUNGUN'),
('DP', 'Depok', 'KOTA DEPOK'),
('DPB', 'Depok Baru', 'KOTA DEPOK'),
('DPL', 'DOPLANG', 'KAB. BLORA'),
('DRN', 'Duren Kalibata', 'KOTA JAKARTA SELATAN'),
('DU', 'DURI', 'KOTA ADM. JAKARTA BARAT'),
('DUK', 'DUKU', 'KAB. PADANG PARIAMAN'),
('DWN', 'DAWUAN', 'KAB. KARAWANG'),
('GB', 'GOMBONG', 'KAB. KEBUMEN'),
('GBN', 'GAMBRINGAN', 'KAB. GROBOGAN'),
('GD', 'GUNDIH', 'KAB. GROBOGAN'),
('GDB', 'GEDEBAGE', 'KOTA BANDUNG'),
('GDD', 'Gondangdia', 'KOTA JAKARTA PUSAT'),
('GDG', 'GEDANGAN', 'KAB. SIDOARJO'),
('GDM', 'GANDRUNG MANGUN', 'KAB. CILACAP'),
('GDR', 'GEDUNG RATU', 'KAB. LAMPUNG SELATAN'),
('GDS', 'GANDASOLI', 'KAB. SUKABUMI'),
('GEB', 'GEMBONG', 'KAB. LAMONGAN'),
('GG', 'GENENG', 'KAB. NGAWI'),
('GHM', 'GIHAM', 'KAB. WAY KANAN'),
('GI', 'GRATI', 'KOTA PASURUAN'),
('GK', 'GADOBANGKONG', 'KAB. BANDUNG BARAT'),
('GLB', 'GLUMBANG', 'KAB. MUARA ENIM'),
('GLM', 'GLENMORE', 'KAB. BANYUWANGI'),
('GLS', 'GILAS', 'KAB. OGAN KOMERING ULU TIMUR'),
('GM', 'GUMILIR', 'KAB. CILACAP'),
('GMR', 'GAMBIR', 'KOTA ADM. JAKARTA PUSAT'),
('GNM', 'GUNUNGMEGANG', 'KAB. MUARA ENIM'),
('GPK', 'Goprak', 'KAB. GROBOGAN'),
('GRG', 'Grogol', 'KOTA JAKARTA BARAT'),
('GRM', 'GARUM', 'KOTA BLITAR'),
('GRN', 'GARAHAN', 'KAB. JEMBER'),
('GRT', 'GARUT', 'KAB. GARUT'),
('GST', 'Sentiong', 'KOTA JAKARTA PUSAT'),
('GUB', 'GUBUG', 'KAB. GROBOGAN'),
('GW', 'Gawok', 'KAB. SUKOHARJO'),
('HGL', 'HAURGEULIS', 'KAB. INDRAMAYU'),
('HJP', 'HAJI PAMANGGILAN', 'KAB. LAMPUNG TENGAH'),
('HRP', 'HAURPUGUR', 'KAB. BANDUNG'),
('IDA', 'INDARUNG', 'KOTA PADANG'),
('IDO', 'INDRO', 'KAB. GRESIK'),
('IDR/IDY', 'INDRALAYA', 'KAB. OGAN ILIR'),
('IH', 'Indihiang', 'KOTA TASIKMALAYA'),
('IJ', 'Ijo', 'KAB. KEBUMEN'),
('IMA', 'PAUHLIMA', 'KOTA PADANG'),
('JAKG', 'JAKARTA GUDANG', 'KOTA ADM. JAKARTA UTARA'),
('JAKK', 'JAKARTA KOTA', 'KOTA ADM. JAKARTA BARAT'),
('JBN', 'JAMBON', 'KAB. GROBOGAN'),
('JBU', 'JAMBU BARU', 'KAB. SERANG'),
('JG', 'JOMBANG', 'KAB. JOMBANG'),
('JMS', 'JEMURSARI', 'KOTA SURABAYA'),
('JMU', 'Jurang Mangu', 'KOTA TANGERANG SELATAN'),
('JN', 'JENAR', 'KAB. PURWOREJO'),
('JNG', 'JATINEGARA', 'KOTA ADM. JAKARTA TIMUR'),
('JR', 'JEMBER', 'KAB. JEMBER'),
('JRK', 'Jerakah', 'KOTA SEMARANG'),
('JRL', 'JERUKLEGI', 'KAB. CILACAP'),
('JTB', 'JATIBARANG', 'KAB. INDRAMAYU'),
('JTR', 'JATIROTO', 'KAB. LUMAJANG'),
('JUA', 'Juanda', 'KOTA JAKARTA PUSAT'),
('JYK/JAY', 'Jayakarta', 'KOTA JAKARTA PUSAT'),
('KA', 'KARANGANYAR', 'KAB. KEBUMEN'),
('KAB', 'Kadokangabus', 'KAB. INDRAMAYU'),
('KAC', 'KIARA CONDONG', 'KOTA BANDUNG'),
('KAG', 'KALIBALANGAN', 'KAB. LAMPUNG UTARA'),
('KAT', 'Karet', 'KOTA JAKARTA PUSAT'),
('KB', 'KOTABUMI', 'KAB. LAMPUNG UTARA'),
('KBD', 'Kalibodri', 'KAB. KENDAL'),
('KBG', 'KUALA BINGEI', 'KAB. LANGKAT'),
('KBR', 'KALIBARU', 'KAB. BANYUWANGI'),
('KBS', 'Kebasen', 'KAB. BANYUMAS'),
('KBU', 'Kota Baru', 'KAB. TANAH DATAR'),
('KBY', 'KEBAYORAN', 'KOTA ADM. JAKARTA SELATAN'),
('KD', 'KEDIRI', 'KOTA KEDIRI'),
('KDA', 'KANDANGAN', 'KOTA SURABAYA'),
('KDB', 'Kedungbanteng', 'KAB. SRAGEN'),
('KDG', 'KEDUNDANG', 'KAB. KULON PROGO'),
('KDH', 'KEDUNG GEDEH', 'KAB. BEKASI'),
('KDN', 'KEDINDING', 'KAB. SIDOARJO'),
('KDO', 'KADIPIRO', 'KOTA SURAKARTA'),
('KDS', 'Kalideres', 'KOTA JAKARTA BARAT'),
('KE', 'KARANG TENGAH', 'KAB. SUKABUMI'),
('KED', 'KARANG ENDAH', 'KAB. MUARA ENIM'),
('KEJ', 'KEDUNG JATI', 'KAB. GROBOGAN'),
('KEN', 'KRENCENG', 'KOTA CILEGON'),
('KG', 'KEDUNG GALAR', 'KAB. NGAWI'),
('KGD', 'Karang Gandul', 'KAB. BANYUMAS'),
('KGG', 'KETANGGUNGAN', 'KAB. BREBES'),
('KGT', 'KARANGJATI', 'KAB. GROBOGAN'),
('KH', 'Kasugihan', 'KAB. CILACAP'),
('KIS', 'KISARAN', 'KAB. ASAHAN'),
('KIT', 'KALITIDU', 'KAB. BOJONEGORO'),
('KJ', 'Kemranjen', 'KAB. BANYUMAS'),
('KK', 'KLAKAH', 'KAB. LUMAJANG'),
('KKD', 'Karang Kandri', 'KAB. CILACAP'),
('KLD', 'KLENDER', 'KOTA ADM. JAKARTA TIMUR'),
('KLDB', 'KLENDER BARU', 'KOTA ADM. JAKARTA TIMUR'),
('KLI', 'KLARI', 'KAB. KARAWANG'),
('KLM', 'KALIMAS', 'KOTA SURABAYA'),
('KLN', 'KALIWUNGU', 'KAB. KENDAL'),
('KLT', 'KALISAT', 'KAB. JEMBER'),
('KM', 'KEBUMEN', 'KAB. KEBUMEN'),
('KMO', 'KEMAYORAN', 'KOTA ADM. JAKARTA PUSAT'),
('KMR', 'Kemiri', 'KAB. KARANGANYAR'),
('KMT', 'KRAMAT', 'KOTA ADM. JAKARTA PUSAT'),
('KNE (BWI)', 'KARANG ASEM (BANYUWANGI KOTA)', 'KAB. BANYUWANGI'),
('KNN', 'KRADENAN', 'KAB. GROBOGAN'),
('KNP', 'Karangpucung', 'KOTA BANJAR'),
('KNS', 'Kerengseng', 'KAB. BATANG'),
('KO', 'Kalioso', 'KAB. KARANGANYAR'),
('KOP', 'KOTAPADANG', 'KAB. REJANG LEBONG'),
('KOS', 'KOSAMBI', 'KAB. KARAWANG'),
('KPA', 'Kapuan', 'KAB. BLORA'),
('KPB A', 'Kampung Bandan Atas', 'KOTA JAKARTA UTARA'),
('KPB B', 'Kampung Bandan Bawah', 'KOTA JAKARTA UTARA'),
('KPN', 'KEPANJEN', 'KOTA MALANG'),
('KPS', 'KAPAS', 'KAB. BOJONEGORO'),
('KPT', 'KERTAPATI', 'KOTA PALEMBANG'),
('KRA', 'KARANGANTU', 'KOTA SERANG'),
('KRAI', 'KARANG SARI', 'KAB. GARUT'),
('KRG', 'KRUENG GEUKUEH', 'KAB. ACEH UTARA'),
('KRI', 'Kranji', 'KOTA BEKASI'),
('KRM', 'KRUENG MANE', 'KAB. ACEH UTARA'),
('KRN', 'KRIAN', 'KAB. SIDOARJO'),
('KRO', 'Kebon Romo', 'KAB. SRAGEN'),
('KRP', 'Kuripan', 'KAB. BATANG'),
('KRR', 'Karang Sari', 'KAB. BANYUMAS'),
('KRS', 'KRASS', 'KOTA KEDIRI'),
('KRT', 'Kretek', 'KAB. BREBES'),
('KRW', 'Karang Suwung', 'KAB. CIREBON'),
('KSB', 'KESAMBEN', 'KOTA BLITAR'),
('KSL', 'KALISETAIL', 'KAB. BANYUWANGI'),
('KSO', 'KARANGSONO', 'KAB. GROBOGAN'),
('KT', 'KLATEN', 'KAB. KLATEN'),
('KTA', 'KUTOARJO', 'KAB. PURWOREJO'),
('KTK', 'Kotok', 'KAB. JEMBER'),
('KTL', 'KERTOMENANGGAL', 'KOTA SURABAYA'),
('KTM', 'Kertasemaya', 'KAB. INDRAMAYU'),
('KTN', 'KAYU TANAM', 'KAB. PADANG PARIAMAN'),
('KTP', 'KETAPANG', 'KAB. LAMPUNG UTARA'),
('KTP (BW)', 'KETAPANG (BANYUWANGI BARU)', 'KAB. BANYUWANGI'),
('KTS', 'KERTOSONO', 'KAB. NGANJUK'),
('KW', 'KARAWANG', 'KAB. KARAWANG'),
('KWG', 'Kawunganten', 'KAB. CILACAP'),
('KWL', 'Kruwul', 'KAB. LAMONGAN'),
('KWN', 'KUTOWINANGUN', 'KAB. KEBUMEN'),
('KYA', 'KROYA', 'KAB. CILACAP'),
('LA', 'LUBUK ALUNG', 'KAB. PADANG PARIAMAN'),
('LAR', 'LABUAN RATU', 'KOTA BANDAR LAMPUNG'),
('LBG', 'Lebeng', 'KAB. CILACAP'),
('LBJ', 'Lebak Jero', 'KAB. BANDUNG'),
('LBP', 'LUBUK PAKAM', 'KAB. DELI SERDANG'),
('LBT', 'Lubuk Batang', 'KAB. OGAN KOMERING ULU'),
('LBU', 'Labuan', 'KOTA MEDAN'),
('LBY', 'LUBUK BUAYA', 'KOTA PADANG'),
('LDO', 'LEDOKOMBO', 'KAB. JEMBER'),
('LDT', 'LIDAH TANAH', 'KAB. SERDANG BEDAGAI'),
('LEB', 'LEMBAK', 'KAB. MUARA ENIM'),
('LEC', 'LECES', 'KAB. PROBOLINGGO'),
('LG', 'Linggapura', 'KAB. BREBES'),
('LL/LE', 'LELES', 'KAB. GARUT'),
('LLG', 'LUBUK LINGGAU', 'KOTA LUBUK LINGGAU'),
('LMB', 'LEMAH ABANG', 'KAB. BEKASI'),
('LMG', 'LAMONGAN', 'KAB. LAMONGAN'),
('LMP', 'LIMA PULUH', 'KAB. BATU BARA'),
('LN', 'Langen', 'KOTA BANJAR'),
('LO/LWG', 'LEUWIGOONG', 'KAB. GARUT'),
('LOS', 'LOSARI', 'KAB. CIREBON'),
('LP', 'LAMPEGAN', 'KAB. CIANJUR'),
('LPN', 'LEMPUYANGAN', 'KOTA YOGYAKARTA'),
('LR', 'Larangan (Tegal)', 'KAB. TEGAL'),
('LRA', 'Larangan', 'KAB. BREBES'),
('LRM', 'Lubuk Rukam', 'KAB. OGAN KOMERING ULU'),
('LT', 'LAHAT', 'KAB. LAHAT'),
('LTA/LNA', 'Lenteng Agung', 'KOTA JAKARTA SELATAN'),
('LTD', 'LAUT TADOR', 'KAB. BATU BARA'),
('LW', 'LAWANG', 'KOTA MALANG'),
('LWG', 'Luwung', 'KAB. CIREBON'),
('MA', 'MAOS', 'KAB. CILACAP'),
('MAG', 'MAGETAN', 'KAB. MAGETAN'),
('MBM', 'MAMBANG MUDA', 'KAB. LABUHANBATU UTARA'),
('MBU', 'MERBAU', 'KAB. LABUHANBATU UTARA'),
('MDN', 'MEDAN', 'KOTA MEDAN'),
('ME', 'MUARAENIM', 'KAB. MUARA ENIM'),
('MER', 'MERAK', 'KOTA CILEGON'),
('MET', 'METUR', 'KAB. OGAN KOMERING ULU'),
('MGB', 'Mangga Besar', 'KOTA JAKARTA PUSAT'),
('MGN', 'MINGGIRAN', 'KOTA KEDIRI'),
('MGR', 'MARGOREJO', 'KOTA SURABAYA'),
('MGW', 'MAGUWO', 'KAB. SLEMAN'),
('MI', 'Mangli', 'KAB. JEMBER'),
('MJ', 'MAJA', 'KAB. LEBAK'),
('MKG', 'Mangkang', 'KOTA SEMARANG'),
('MKL/MKB', 'MUARA KALABAN', 'KOTA SAWAHLUNTO'),
('ML', 'MALANG', 'KOTA MALANG'),
('MLK', 'MALANG KOTA LAMA', 'KOTA MALANG'),
('MLW', 'Meluwung', 'KAB. CILACAP'),
('MN', 'MADIUN', 'KOTA MADIUN'),
('MNJ', 'Manonjaya', 'KAB. TASIKMALAYA'),
('MP', 'MARTAPURA', 'KAB. OGAN KOMERING ULU TIMUR'),
('MR', 'MOJOKERTO', 'KOTA MOJOKERTO'),
('MRI', 'MANGGARAI', 'KOTA ADM. JAKARTA SELATAN'),
('MRL', 'MUARAGULA', 'KAB. MUARA ENIM'),
('MRW', 'Mrawan', 'KAB. JEMBER'),
('MSG', 'MASENG', 'KAB. BOGOR'),
('MSI', 'MASWATI', 'KAB. BANDUNG BARAT'),
('MSL', 'MUARASALING', 'KAB. EMPAT LAWANG'),
('MSR', 'Masaran', 'KAB. SRAGEN'),
('MTM', 'Metland Telaga Murni', 'KAB. BEKASI'),
('NB', 'NGEBRUK', 'KOTA MALANG'),
('NBO', 'NGROMBO', 'KAB. GROBOGAN'),
('NDL', 'NGADILUWIH', 'KOTA KEDIRI'),
('NG', 'NAGREG', 'KAB. BANDUNG'),
('NGA', 'NGAGEL', 'KOTA SURABAYA'),
('NGN', 'NEGRI AGUNG', 'KAB. WAY KANAN'),
('NGW', 'NGAWI', 'KAB. NGAWI'),
('NJ', 'NGANJUK', 'KAB. NGANJUK'),
('NJG', 'NGUJANG', 'KAB. TULUNGAGUNG'),
('NMO', 'NAMBO', 'KAB. BOGOR'),
('NRR', 'NEGARA RATU', 'KAB. LAMPUNG UTARA'),
('NRS', 'NARAS', 'KOTA PARIAMAN'),
('NRU', 'NIRU', 'KAB. MUARA ENIM'),
('NT', 'NGUNUT', 'KAB. TULUNGAGUNG'),
('NTG', 'Notog', 'KAB. BANYUMAS'),
('PA', 'PARON', 'KAB. NGAWI'),
('PAB', 'Pabuaran', 'KAB. SUBANG'),
('PAK', 'PAUH KAMBAR', 'KAB. PADANG PARIAMAN'),
('PAS', 'Pasirbungur', 'KAB. SUBANG'),
('PAT', 'Patuguran', 'KAB. BREBES'),
('PB', 'PROBOLINGGO', 'KAB. PROBOLINGGO'),
('PBA', 'PERBAUNGAN', 'KAB. SERDANG BEDAGAI'),
('PBM', 'PRABUMULIH', 'KOTA PRABUMULIH'),
('PBR X6', 'Prabumulih Baru', 'KOTA PRABUMULIH'),
('PC', 'PUCUK', 'KAB. LAMONGAN'),
('PD', 'PADANG', 'KOTA PADANG'),
('PDJ', 'PONDOK RANJI', 'KOTA TANGERANG SELATAN'),
('PDL', 'PADALARANG', 'KAB. BANDUNG BARAT'),
('PDN', 'Pandanan', 'KAB. GRESIK'),
('PDS', 'Padas', 'KAB. GROBOGAN'),
('PGB', 'PAGADEN BARU', 'KAB. SUBANG'),
('PGG', 'PAGAR GUNUNG', 'KAB. MUARA ENIM'),
('PGJ', 'POHGAJIH', 'KOTA BLITAR'),
('PHA', 'PADANG HALABAN', 'KAB. LABUHANBATU UTARA'),
('PI', 'Poris', 'KOTA TANGERANG'),
('PID', 'PIDADA', 'KOTA BANDAR LAMPUNG'),
('PJN', 'Panjang', 'KOTA BANDAR LAMPUNG'),
('PK', 'PEKALONGAN', 'KOTA PEKALONGAN'),
('PL', 'Palur', 'KAB. KARANGANYAR'),
('PLB', 'Plabuan', 'KAB. BATANG'),
('PLD', 'PLERED', 'KAB. PURWAKARTA'),
('PLM', 'PALMERAH', 'KOTA ADM. JAKARTA PUSAT'),
('PME', 'PAMINGKE', 'KAB. LABUHANBATU UTARA'),
('PML', 'PEMALANG', 'KAB. PEMALANG'),
('PMN', 'PARIAMAN', 'KOTA PARIAMAN'),
('PNG', 'Penanggiran', 'KAB. MUARA ENIM'),
('PNL', 'Panunggalan', 'KAB. GROBOGAN'),
('PNM', 'PENIMUR', 'KOTA PRABUMULIH'),
('PNT', 'PASAR NGUTER', 'KAB. SUKOHARJO'),
('PNW', 'PENINJAWAN', 'KAB. OGAN KOMERING ULU'),
('POC', 'Pondok Cina', 'KOTA DEPOK'),
('POK', 'PONDOK JATI', 'KOTA ADM. JAKARTA TIMUR'),
('POO', 'Pasoso', 'KOTA JAKARTA UTARA'),
('PPK', 'PRUPUK', 'KAB. TEGAL'),
('PPR', 'PAPAR', 'KOTA KEDIRI'),
('PR', 'PORONG', 'KAB. SIDOARJO'),
('PRA', 'PERLANAAN', 'KAB. SIMALUNGUN'),
('PRB', 'Prembun', 'KAB. KEBUMEN'),
('PRI', 'Pringkasap', 'KAB. SUBANG'),
('PRK', 'PARUNG KUDA', 'KAB. SUKABUMI'),
('PRP', 'PARUNG PANJANG', 'KAB. BOGOR'),
('PRU', 'PASAR USANG', 'KAB. PADANG PARIAMAN'),
('PS', 'PASURUAN', 'KOTA PASURUAN'),
('PSE', 'PASAR SENEN', 'KOTA ADM. JAKARTA PUSAT'),
('PSG', 'Pesing', 'KOTA JAKARTA BARAT'),
('PSI', 'PAKISAJI', 'KOTA MALANG'),
('PSJ', 'PASIRJENGKOL', 'KAB. GARUT'),
('PSM', 'Pasar Minggu', 'KOTA JAKARTA SELATAN'),
('PSMB', 'Pasar Minggu Baru', 'KOTA JAKARTA SELATAN'),
('PTA', 'Petarukan', 'KAB. PEMALANG'),
('PTN', 'Patukan', 'KAB. SLEMAN'),
('PTR', 'PETERONGAN', 'KAB. JOMBANG'),
('PUB', 'PULO BRAYAN', 'KOTA MEDAN'),
('PUR', 'PULU RAJA', 'KAB. ASAHAN'),
('PWA', 'PURWOASRI', 'KOTA KEDIRI'),
('PWK', 'PURWAKARTA', 'KAB. PURWAKARTA'),
('PWS', 'PURWOSARI', 'KOTA SURAKARTA'),
('PWT', 'PURWOKERTO', 'KAB. BANYUMAS'),
('PYK', 'PAYAKABUNG', 'KAB. OGAN ILIR'),
('RAP', 'RANTAU PRAPAT', 'KAB. LABUHANBATU'),
('RBG', 'RANDU BLATUNG', 'KAB. BLORA'),
('RBP', 'RAMBIPUJI', 'KAB. JEMBER'),
('RCK', 'RANCAEKEK', 'KAB. BANDUNG'),
('RDA', 'Randuangung', 'KAB. LUMAJANG'),
('RDN', 'Randegan', 'KAB. CILACAP'),
('RGP', 'ROGOJAMPI', 'KAB. BANYUWANGI'),
('RGS', 'RENGAS', 'KAB. LAMPUNG TENGAH'),
('RH', 'RENDEH', 'KAB. BANDUNG BARAT'),
('RJ', 'REJO TANGAN', 'KAB. TULUNGAGUNG'),
('RJP', 'Rajapolah', 'KAB. TASIKMALAYA'),
('RJS', 'REDJOSARI', 'KAB. LAMPUNG SELATAN'),
('RJW', 'RAJAWALI', 'KOTA ADM. JAKARTA PUSAT'),
('RK', 'RANGKASBITUNG', 'KAB. LEBAK'),
('RN', 'RANUYOSO', 'KAB. LUMAJANG'),
('RO', 'REJOSO', 'KOTA PASURUAN'),
('RPH', 'RAMPAH/PAMINGKE', 'KAB. SERDANG BEDAGAI'),
('RU', 'Rawa Buntu', 'KOTA TANGERANG SELATAN'),
('RW', 'Rawa Buaya', 'KOTA JAKARTA BARAT'),
('RWL', 'Rewulu', 'KAB. BANTUL'),
('SAO', 'Sungai Lagoa', 'KOTA JAKARTA UTARA'),
('SB', 'SURABAYA KOTA', 'KOTA SURABAYA'),
('SBI', 'SURABAYA PASAR TURI', 'KOTA SURABAYA'),
('SBJ', 'SEI BEJANGKAR', 'KAB. BATU BARA'),
('SBL', 'SUMBER GEMPOL', 'KAB. TULUNGAGUNG'),
('SBO', 'SUMOBITO', 'KAB. JOMBANG'),
('SBP', 'SUMBER PUCUNG', 'KOTA MALANG'),
('SCN', 'SICINCIN', 'KAB. PADANG PARIAMAN'),
('SCT', 'SUKACINTA', 'KAB. LAHAT'),
('SD', 'Suradadi', 'KAB. TEGAL'),
('SDA', 'SIDOARJO', 'KAB. SIDOARJO'),
('SDI', 'SEDADI', 'KAB. GROBOGAN'),
('SDM', 'SUDIMARA', 'KOTA TANGERANG SELATAN'),
('SDN', 'SERDANG', 'KAB. MUARA ENIM'),
('SDR', 'SIDAREJA', 'KAB. CILACAP'),
('SDT', 'Sidotopo', 'KOTA SURABAYA'),
('SDU', 'Sindang Laut', 'KAB. CIREBON'),
('SG', 'SERANG', 'KOTA SERANG'),
('SGG', 'Songgom', 'KAB. BREBES'),
('SGJ', 'SINGOJURUH', 'KAB. BANYUWANGI'),
('SGS', 'SINGOSARI', 'KOTA MALANG'),
('SGT', 'SUNGAI TUHA', 'KAB. OGAN KOMERING ULU TIMUR'),
('SGU', 'SURABAYA GUBENG', 'KOTA SURABAYA'),
('SGUX', 'SURABAYA GUBENGX', 'KOTA SURABAYA'),
('SI', 'SUKABUMI', 'KOTA SUKABUMI'),
('SIG', 'SIMPANG', 'KAB. OGAN ILIR'),
('SIR', 'SIANTAR', 'KOTA PEMATANGSIANTAR'),
('SIU', 'SITUNGIR', 'KAB. LABUHANBATU UTARA'),
('SK', 'SOLO JEBRES', 'KOTA SURAKARTA'),
('SKH', 'SUKOHARJO', 'KAB. SUKOHARJO'),
('SKJ', 'SUKOREJO', 'KOTA PASURUAN'),
('SKM', 'SUKOMORO', 'KAB. NGANJUK'),
('SKP', 'Sikampuh', 'KAB. CILACAP'),
('SKT', 'SASAKSAAT', 'KAB. BANDUNG BARAT'),
('SL', 'Sulur', 'KAB. GROBOGAN'),
('SLM', 'SALEM', 'KAB. SRAGEN'),
('SLO', 'SOLO BALAPAN', 'KOTA SURAKARTA'),
('SLR', 'SUMLARAN', 'KAB. LAMONGAN'),
('SLS', 'SULUSUBAN', 'KAB. LAMPUNG TENGAH'),
('SLW', 'SLAWI', 'KAB. TEGAL'),
('SMB', 'SEMBUNG', 'KAB. JOMBANG'),
('SMC', 'SEMARANG PONCOL', 'KOTA SEMARANG'),
('SMO', 'ADI SOEMARMO', 'KAB. BOYOLALI'),
('SMT', 'SEMARANG TAWANG', 'KOTA SEMARANG'),
('SN', 'SENGON', 'KOTA PASURUAN'),
('SNA', 'SAUNGNAGA', 'KAB. LAHAT'),
('SPC', 'Sepancar', 'KAB. OGAN KOMERING ULU'),
('SPH', 'SUMPIUH', 'KAB. BANYUMAS'),
('SPJ', 'SEPANJANG', 'KAB. SIDOARJO'),
('SPL', 'Sempolan', 'KAB. JEMBER'),
('SR', 'SRAGEN', 'KAB. SRAGEN'),
('SRD', 'SARADAN', 'KOTA MADIUN'),
('SRI', 'Sragi', 'KAB. PEKALONGAN'),
('SRJ', 'SUMBEREJO', 'KAB. BOJONEGORO'),
('SRP', 'SERPONG', 'KOTA TANGERANG SELATAN'),
('SRW', 'Sruweng', 'KAB. KEBUMEN'),
('SS', 'SUSUHAN', 'KOTA KEDIRI'),
('STL', 'Sentolo', 'KAB. KULON PROGO'),
('SUA', 'SUKARAJA', 'KAB. LAHAT'),
('SUD', 'Sudirman', 'KOTA JAKARTA PUSAT'),
('SUM', 'Sumber Lawang', 'KAB. SRAGEN'),
('SUT', 'SUKATANI', 'KAB. PURWAKARTA'),
('SWB/SW', 'Sawah Besar', 'KOTA JAKARTA PUSAT'),
('SWD', 'SUMBER WADUNG', 'KAB. BANYUWANGI'),
('SWL', 'SAWAH LUNTO', 'KOTA SAWAHLUNTO'),
('SWT', 'Srowot', 'KAB. KLATEN'),
('SYO', 'Sroyo', 'KAB. BOJONEGORO'),
('TA', 'TULUNGAGUNG', 'KAB. TULUNGAGUNG'),
('TAB', 'TABING', 'KOTA PADANG'),
('TAL', 'TALUN', 'KOTA BLITAR'),
('TAS', 'Tanjung Selamat', 'KAB. LANGKAT'),
('TAU', 'Tagog Apu', 'KAB. BANDUNG BARAT'),
('TB', 'TAMBUN', 'KAB. BEKASI'),
('TBI', 'TEBING TINGGI', 'KOTA TEBING TINGGI'),
('TBK', 'Tambak', 'KAB. BANYUMAS'),
('TBN', 'Tuban', 'KAB. TUBAN'),
('TBO', 'TOBO', 'KAB. BOJONEGORO'),
('TEB', 'Tebet', 'KOTA JAKARTA SELATAN'),
('TEJ', 'TENJO', 'KAB. BOGOR'),
('TES', 'TANDES', 'KOTA SURABAYA'),
('TG', 'TEGAL', 'KOTA TEGAL'),
('TGA', 'TANGGULANGIN', 'KAB. SIDOARJO'),
('TGG', 'Tanggung', 'KAB. GROBOGAN'),
('TGI', 'TEGINENENG', 'KAB. LAMPUNG SELATAN'),
('TGL', 'TANGGUL', 'KAB. JEMBER'),
('TGN', 'TANJUNG', 'KAB. BREBES'),
('TGR', 'TEMUGURUH', 'KAB. BANYUWANGI'),
('TGS', 'Tigaraksa', 'KAB. TANGERANG'),
('TGW', 'Tegowanu', 'KAB. GROBOGAN'),
('THB', 'TANAH ABANG', 'KOTA ADM. JAKARTA PUSAT'),
('THN', 'TARAHAN', 'KOTA BANDAR LAMPUNG'),
('TI', 'TEBINGTINGGI', 'KAB. EMPAT LAWANG'),
('TIS', 'TERISI', 'KAB. INDRAMAYU'),
('TJH', 'Tiga Gajah', 'KAB. OGAN KOMERING ULU'),
('TJO', 'Tanjung Rajo', 'KAB. WAY KANAN'),
('TJR', 'TANJUNG RAMBANG', 'KOTA PRABUMULIH'),
('TJS', 'Tanjungrasa', 'KAB. SUBANG'),
('TKO', 'Taman Kota', 'KOTA JAKARTA BARAT'),
('TLN', 'TULANGAN', 'KAB. SIDOARJO'),
('TLS', 'Telagasari', 'KAB. INDRAMAYU'),
('TLY', 'TULUNG BUYUT', 'KAB. LAMPUNG UTARA'),
('TMB', 'TANJUNG ENIM BARU', 'KAB. MUARA ENIM'),
('TNB', 'TANJUNG BALAI', 'KOTA TANJUNG BALAI'),
('TNG', 'Tangerang', 'KOTA TANGERANG'),
('TNK', 'TANJUNG KARANG', 'KOTA BANDAR LAMPUNG'),
('TNT', 'Tanjung Barat', 'KOTA JAKARTA SELATAN'),
('TOJB/TJB', 'TONJONG BARU', 'KAB. SERANG'),
('TPK', 'TANJUNG PRIOK', 'KOTA ADM. JAKARTA UTARA'),
('TRK', 'TARIK', 'KAB. SIDOARJO'),
('TSM', 'TASIKMALAYA', 'KOTA TASIKMALAYA'),
('TUK', 'TELUK DALAM', 'KAB. ASAHAN'),
('TW', 'TELAWA', 'KAB. BOYOLALI'),
('UI', 'Universitas Indonesia', 'KOTA DEPOK'),
('UJM', 'UJANMAS', 'KAB. MUARA ENIM'),
('UJN', 'Ujungnegoro', 'KAB. BATANG'),
('UP', 'Universitas Pancasila', 'KOTA JAKARTA SELATAN'),
('WAP', 'WAY PISANG', 'KAB. WAY KANAN'),
('WAY', 'WAY TUBA', 'KAB. WAY KANAN'),
('WB', 'Warung Bandrek', 'KAB. GARUT'),
('WDU', 'WADU', 'KAB. BLORA'),
('WDW', 'Waruduwur', 'KAB. CIREBON'),
('WG', 'WLINGI', 'KOTA BLITAR'),
('WJ', 'WOJO', 'KAB. PURWOREJO'),
('WK', 'WALIKUKUN', 'KAB. NGAWI'),
('WLG', 'WILANGAN', 'KAB. NGANJUK'),
('WLR', 'WELERI', 'KAB. KENDAL'),
('WLT', 'WALANTAKA', 'KOTA SERANG'),
('WN', 'WONOKERTO', 'KOTA PASURUAN'),
('WNG', 'WONOGIRI', 'KAB. WONOGIRI'),
('WNR', 'WANARAJA', 'KAB. GARUT'),
('WNS', 'WONOSARI', 'KAB. KEBUMEN'),
('WO', 'WONOKROMO', 'KOTA SURABAYA'),
('WR', 'WARU', 'KAB. SIDOARJO'),
('WT', 'WATES', 'KAB. KULON PROGO'),
('YIA', 'YOGYAKARTA INTERNATIONAL AIRPORT', 'KAB. KULON PROGO'),
('YK', 'TUGU', 'KOTA YOGYAKARTA');

--
-- Indexes for dumped tables
--

--
-- Indeks untuk tabel `jadwal_kereta`
--
ALTER TABLE `jadwal_kereta`
  ADD PRIMARY KEY (`id_jadwal`),
  ADD KEY `id_kereta` (`id_kereta`),
  ADD KEY `id_stasiun_asal` (`id_stasiun_asal`),
  ADD KEY `id_stasiun_tujuan` (`id_stasiun_tujuan`);

--
-- Indeks untuk tabel `kereta_api`
--
ALTER TABLE `kereta_api`
  ADD PRIMARY KEY (`id_kereta`);

--
-- Indeks untuk tabel `pembelian`
--
ALTER TABLE `pembelian`
  ADD PRIMARY KEY (`id_pembelian`),
  ADD KEY `id_keretafk` (`id_keretafk`),
  ADD KEY `id_penumpangfk` (`id_penumpangfk`);

--
-- Indeks untuk tabel `penumpang`
--
ALTER TABLE `penumpang`
  ADD PRIMARY KEY (`id_penumpang`);

--
-- Indeks untuk tabel `stasiun`
--
ALTER TABLE `stasiun`
  ADD PRIMARY KEY (`id_stasiun`);

--
-- AUTO_INCREMENT untuk tabel yang dibuang
--

--
-- AUTO_INCREMENT untuk tabel `jadwal_kereta`
--
ALTER TABLE `jadwal_kereta`
  MODIFY `id_jadwal` int(11) NOT NULL AUTO_INCREMENT, AUTO_INCREMENT=424;

--
-- AUTO_INCREMENT untuk tabel `kereta_api`
--
ALTER TABLE `kereta_api`
  MODIFY `id_kereta` int(11) NOT NULL AUTO_INCREMENT, AUTO_INCREMENT=34;

--
-- AUTO_INCREMENT untuk tabel `pembelian`
--
ALTER TABLE `pembelian`
  MODIFY `id_pembelian` int(11) NOT NULL AUTO_INCREMENT, AUTO_INCREMENT=44;

--
-- AUTO_INCREMENT untuk tabel `penumpang`
--
ALTER TABLE `penumpang`
  MODIFY `id_penumpang` int(11) NOT NULL AUTO_INCREMENT, AUTO_INCREMENT=3;

--
-- Ketidakleluasaan untuk tabel pelimpahan (Dumped Tables)
--

--
-- Ketidakleluasaan untuk tabel `jadwal_kereta`
--
ALTER TABLE `jadwal_kereta`
  ADD CONSTRAINT `jadwal_kereta_ibfk_1` FOREIGN KEY (`id_kereta`) REFERENCES `kereta_api` (`id_kereta`),
  ADD CONSTRAINT `jadwal_kereta_ibfk_2` FOREIGN KEY (`id_stasiun_asal`) REFERENCES `stasiun` (`id_stasiun`),
  ADD CONSTRAINT `jadwal_kereta_ibfk_3` FOREIGN KEY (`id_stasiun_tujuan`) REFERENCES `stasiun` (`id_stasiun`);

--
-- Ketidakleluasaan untuk tabel `pembelian`
--
ALTER TABLE `pembelian`
  ADD CONSTRAINT `pembelian_ibfk_1` FOREIGN KEY (`id_keretafk`) REFERENCES `kereta_api` (`id_kereta`),
  ADD CONSTRAINT `pembelian_ibfk_2` FOREIGN KEY (`id_penumpangfk`) REFERENCES `penumpang` (`id_penumpang`);
COMMIT;

/*!40101 SET CHARACTER_SET_CLIENT=@OLD_CHARACTER_SET_CLIENT */;
/*!40101 SET CHARACTER_SET_RESULTS=@OLD_CHARACTER_SET_RESULTS */;
/*!40101 SET COLLATION_CONNECTION=@OLD_COLLATION_CONNECTION */;
